_id,EmployeeID,FirstName,LastName,Email,HireDate,Salary
6687b6767f84c33cbfc9c336,1,Aaron,Smith,aaron.smith@example.com,2018-01-15,59000
6687b6767f84c33cbfc9c337,2,Betty,Jones,betty.jones@example.com,2019-04-12,62000
6687b6767f84c33cbfc9c338,3,Carl,Brown,carl.brown@example.com,2020-07-18,60000
6687b6767f84c33cbfc9c339,4,Diana,Davis,diana.davis@example.com,2021-02-24,61000
6687b6767f84c33cbfc9c33a,5,Evan,Wilson,evan.wilson@example.com,2017-06-19,64000
6687b6767f84c33cbfc9c33b,6,Fiona,Clark,fiona.clark@example.com,2016-09-05,65000
6687b6767f84c33cbfc9c33c,7,George,Lewis,george.lewis@example.com,2018-03-10,63000
6687b6767f84c33cbfc9c33d,8,Hannah,Walker,hannah.walker@example.com,2019-11-21,58000
6687b6767f84c33cbfc9c33e,9,Ian,Hall,ian.hall@example.com,2020-05-15,62000
6687b6767f84c33cbfc9c33f,10,Julia,Allen,julia.allen@example.com,2021-01-10,61000
6687b6767f84c33cbfc9c340,11,Kevin,Young,kevin.young@example.com,2017-10-12,60000
6687b6767f84c33cbfc9c341,12,Laura,King,laura.king@example.com,2016-12-01,62000
6687b6767f84c33cbfc9c342,13,Mike,Scott,mike.scott@example.com,2018-08-23,63000
6687b6767f84c33cbfc9c343,14,Nina,Green,nina.green@example.com,2019-04-18,64000
6687b6767f84c33cbfc9c344,15,Oscar,Adams,oscar.adams@example.com,2020-09-25,61000
6687b6767f84c33cbfc9c345,16,Paula,Mitchell,paula.mitchell@example.com,2021-03-17,60000
6687b6767f84c33cbfc9c346,17,Quincy,Roberts,quincy.roberts@example.com,2017-07-19,65000
6687b6767f84c33cbfc9c347,18,Rachel,Phillips,rachel.phillips@example.com,2018-05-11,63000
6687b6767f84c33cbfc9c348,19,Sam,Campbell,sam.campbell@example.com,2019-11-22,62000
6687b6767f84c33cbfc9c349,20,Tina,Parker,tina.parker@example.com,2020-01-30,60000
6687b6767f84c33cbfc9c34a,21,Uma,Evans,uma.evans@example.com,2017-08-15,62000
6687b6767f84c33cbfc9c34b,22,Victor,Edwards,victor.edwards@example.com,2018-02-21,65000
6687b6767f84c33cbfc9c34c,23,Wendy,Collins,wendy.collins@example.com,2019-06-29,60000
6687b6767f84c33cbfc9c34d,24,Xander,Stewart,xander.stewart@example.com,2020-03-19,61000
6687b6767f84c33cbfc9c34e,25,Yvonne,Sanchez,yvonne.sanchez@example.com,2021-06-05,63000
6687b6767f84c33cbfc9c34f,26,Zach,Morris,zach.morris@example.com,2017-04-10,64000
6687b6767f84c33cbfc9c350,27,Aaron,Rogers,aaron.rogers@example.com,2018-11-13,65000
6687b6767f84c33cbfc9c351,28,Betty,Reed,betty.reed@example.com,2019-02-05,63000
6687b6767f84c33cbfc9c352,29,Carl,Cook,carl.cook@example.com,2020-06-25,61000
6687b6767f84c33cbfc9c353,30,Diana,Morgan,diana.morgan@example.com,2021-04-11,62000
6687b6767f84c33cbfc9c354,31,Evan,Bell,evan.bell@example.com,2017-09-17,64000
6687b6767f84c33cbfc9c355,32,Fiona,Murphy,fiona.murphy@example.com,2018-10-23,60000
6687b6767f84c33cbfc9c356,33,George,Bailey,george.bailey@example.com,2019-05-29,63000
6687b6767f84c33cbfc9c357,34,Hannah,Rivera,hannah.rivera@example.com,2020-12-14,65000
6687b6767f84c33cbfc9c358,35,Ian,Cooper,ian.cooper@example.com,2021-08-07,62000
6687b6767f84c33cbfc9c359,36,Julia,Richardson,julia.richardson@example.com,2017-03-19,64000
6687b6767f84c33cbfc9c35a,37,Kevin,Cox,kevin.cox@example.com,2018-11-10,65000
6687b6767f84c33cbfc9c35b,38,Laura,Howard,laura.howard@example.com,2019-03-16,63000
6687b6767f84c33cbfc9c35c,39,Mike,Ward,mike.ward@example.com,2020-07-25,61000
6687b6767f84c33cbfc9c35d,40,Nina,Torres,nina.torres@example.com,2021-01-28,62000
6687b6767f84c33cbfc9c35e,41,Oscar,Peterson,oscar.peterson@example.com,2017-11-20,64000
6687b6767f84c33cbfc9c35f,42,Paula,Gray,paula.gray@example.com,2018-06-15,60000
6687b6767f84c33cbfc9c360,43,Quincy,Ramirez,quincy.ramirez@example.com,2019-09-22,63000
6687b6767f84c33cbfc9c361,44,Rachel,James,rachel.james@example.com,2020-03-11,65000
6687b6767f84c33cbfc9c362,45,Sam,Watson,sam.watson@example.com,2021-07-19,62000
6687b6767f84c33cbfc9c363,46,Tina,Brooks,tina.brooks@example.com,2017-04-17,64000
6687b6767f84c33cbfc9c364,47,Uma,Kelly,uma.kelly@example.com,2018-05-19,65000
6687b6767f84c33cbfc9c365,48,Victor,Sanders,victor.sanders@example.com,2019-08-21,63000
6687b6767f84c33cbfc9c366,49,Wendy,Price,wendy.price@example.com,2020-12-19,61000
6687b6767f84c33cbfc9c367,50,Xander,Bennett,xander.bennett@example.com,2021-02-05,62000
